Site,Elevation,Latitude,Longitude,Plot,Species,WMass,Dmass,SA,Chlorophyll,Toughness,Height,LDMC,SLA
B,2005,-28.53,28.62,OpenGrassland,Commelina africana,0.032,NA,176.666,270,4.24,0.07,NA,NA
B,2005,-28.53,28.62,UnderCanopy,Commelina africana,0.063,0.015,293.899,338,3.11,0.1,23.80952381,12.343758
B,2005,-28.53,28.62,OpenGrassland,Commelina africana,0.113,0.017,365.237,135,4.745,0.07,15.04424779,24.27751824
B,2005,-28.53,28.62,UnderCanopy,Commelina africana,0.116,0.015,368.161,304,4.97,0.06,12.93103448,28.47111733
B,2005,-28.53,28.62,OpenGrassland,Commelina africana,0.101,0.015,432.747,262,3.375,0.09,14.85148515,29.138298
B,2005,-28.53,28.62,UnderCanopy,Commelina africana,0.047,0.002,230.767,260,3.915,0.1,4.255319149,54.230245
B,2005,-28.53,28.62,OpenGrassland,Commelina africana,0.188,0.027,537.827,298,7.865,0.08,14.36170213,37.44869481
B,2005,-28.53,28.62,UnderCanopy,Commelina africana,0.038,0.006,187.004,300,2.705,0.07,15.78947368,11.84358667
B,2005,-28.53,28.62,OpenGrassland,Commelina africana,0.134,0.02,398.447,173,7.425,0.04,14.92537313,26.695949
B,2005,-28.53,28.62,UnderCanopy,Commelina africana,0.041,0.006,171.226,230,4.36,0.05,14.63414634,11.70044333
B,2005,-28.53,28.62,OpenGrassland,Commelina africana,0.026,NA,138.092,245,0.755,0.08,NA,NA
B,2005,-28.53,28.62,UnderCanopy,Commelina africana,0.091,0.01,345.106,182,6.295,0.1,10.98901099,31.404646
B,2005,-28.53,28.62,OpenGrassland,Commelina africana,0.103,0.01,449.264,361,3.68,0.2,9.708737864,46.274192
B,2005,-28.53,28.62,UnderCanopy,Commelina africana,0.098,0.012,405.134,241,3.225,0.09,12.24489796,33.08594333
B,2005,-28.53,28.62,OpenGrassland,Commelina africana,0.089,0.018,304.903,228,4.515,0.07,20.2247191,15.07575944
B,2005,-28.53,28.62,UnderCanopy,Commelina africana,0.034,0.004,120.942,272,3.415,0.08,11.76470588,10.28007
D,1847,-28.5989,28.5822,OpenGrassland,Commelina africana,0.1,0.013,364.95,317,4.44,0.09,13,28.07307692
D,1847,-28.5989,28.5822,UnderCanopy,Commelina africana,0.19,0.013,703.437,344,2.89,0.05,6.842105263,102.8100231
D,1847,-28.5989,28.5822,OpenGrassland,Commelina africana,0.066,0.011,304.027,241,3.02,0.13,16.66666667,18.24162
D,1847,-28.5989,28.5822,UnderCanopy,Commelina africana,0.072,0.005,275.123,158,2.33,0.07,6.944444444,39.617712
D,1847,-28.5989,28.5822,OpenGrassland,Commelina africana,0.077,0.012,279.762,211,7.18,0.07,15.58441558,17.951395
D,1847,-28.5989,28.5822,UnderCanopy,Commelina africana,0.061,0.01,322.338,222,2.38,0.17,16.39344262,19.662618
D,1847,-28.5989,28.5822,OpenGrassland,Commelina africana,0.034,0.006,159.473,211,3.785,0.14,17.64705882,9.036803333
D,1847,-28.5989,28.5822,UnderCanopy,Commelina africana,0.079,0.011,324.727,182,3.06,0.04,13.92405063,23.32130273
D,1847,-28.5989,28.5822,OpenGrassland,Commelina africana,0.22,0.04,835.46,243,4.505,0.19,18.18181818,45.9503
D,1847,-28.5989,28.5822,UnderCanopy,Commelina africana,0.103,0.018,529.633,194,1.43,0.13,17.47572816,30.30677722
D,1847,-28.5989,28.5822,OpenGrassland,Commelina africana,0.092,0.019,377.706,300,3.31,0.21,20.65217391,18.28892211
D,1847,-28.5989,28.5822,UnderCanopy,Commelina africana,0.118,0.014,553.171,329,3.43,0.3,11.86440678,46.62441286
D,1847,-28.5989,28.5822,OpenGrassland,Commelina africana,0.141,0.02,530.896,209,4.525,0.08,14.18439716,37.428168
D,1847,-28.5989,28.5822,UnderCanopy,Commelina africana,0.128,0.016,562.76,201,2.925,0.13,12.5,45.0208
E,1847,-28.4921,28.6473,OpenGrassland,Commelina africana,0.186,0.035,498.878,248,3.22,0.1,18.8172043,26.51180229
E,1847,-28.4921,28.6473,UnderCanopy,Commelina africana,0.072,0.017,350.957,236,3.625,0.09,23.61111111,14.86406118
E,1847,-28.4921,28.6473,OpenGrassland,Commelina africana,0.101,0.019,381.763,245,6.535,0.09,18.81188119,20.29371737
E,1847,-28.4921,28.6473,UnderCanopy,Commelina africana,0.118,0.013,392.312,249,5.755,0.08,11.01694915,35.60985846
E,1847,-28.4921,28.6473,OpenGrassland,Commelina africana,0.113,0.017,387.832,22,3.405,0.06,15.04424779,25.77942118
E,1847,-28.4921,28.6473,UnderCanopy,Commelina africana,0.177,0.026,514.892,300,5.015,0.08,14.68926554,35.05226308
E,1847,-28.4921,28.6473,OpenGrassland,Commelina africana,0.017,0.003,99.946,226,1.715,0.06,17.64705882,5.663606667
E,1847,-28.4921,28.6473,UnderCanopy,Commelina africana,0.038,0.009,208.785,268,4.455,0.03,23.68421053,8.815366667
E,1847,-28.4921,28.6473,OpenGrassland,Commelina africana,0.135,0.027,398.414,302,4.6,0.09,20,19.9207
E,1847,-28.4921,28.6473,UnderCanopy,Commelina africana,0.336,0.045,1077.927,334,4.17,0.11,13.39285714,80.485216
E,1847,-28.4921,28.6473,OpenGrassland,Commelina africana,0.235,0.038,812.474,156,4.67,0.05,16.17021277,50.24510263
E,1847,-28.4921,28.6473,UnderCanopy,Commelina africana,0.095,0.015,340.977,294,3.135,0.05,15.78947368,21.59521
E,1847,-28.4921,28.6473,OpenGrassland,Commelina africana,0.12,0.027,441.124,285,6.665,0.08,22.5,19.60551111
E,1847,-28.4921,28.6473,UnderCanopy,Commelina africana,0.35,0.049,1060.108,338,3.57,0.12,14,75.722
E,1847,-28.4921,28.6473,OpenGrassland,Commelina africana,0.086,0.012,319.814,194,3.47,0.09,13.95348837,22.92000333
E,1847,-28.4921,28.6473,UnderCanopy,Commelina africana,0.088,0.012,366.636,243,2.51,0.12,13.63636364,26.88664
E,1847,-28.4921,28.6473,OpenGrassland,Commelina africana,0.073,0.017,304.435,283,3.04,0.08,23.28767123,13.07279706
E,1847,-28.4921,28.6473,UnderCanopy,Commelina africana,0.103,0.014,355.838,177,3.435,0.04,13.59223301,26.17951
F,2056,-28.4959,28.6526,OpenGrassland,Commelina africana,0.158,0.043,463.565,393,3.875,0.12,27.21518987,17.0333186
F,2056,-28.4959,28.6526,UnderCanopy,Commelina africana,0.084,0.003,67.974,302,1.85,0.11,3.571428571,19.03272
F,2056,-28.4959,28.6526,OpenGrassland,Commelina africana,0.102,0.027,306.276,258,6.825,0.07,26.47058824,11.57042667
F,2056,-28.4959,28.6526,UnderCanopy,Commelina africana,0.205,0.028,688.609,255,4.74,0.23,13.65853659,50.41601607
F,2056,-28.4959,28.6526,OpenGrassland,Commelina africana,0.211,0.043,564.298,321,2.77,0.14,20.37914692,27.68997163
F,2056,-28.4959,28.6526,UnderCanopy,Commelina africana,0.086,0.02,342.938,272,3.665,0.14,23.25581395,14.746334
F,2056,-28.4959,28.6526,OpenGrassland,Commelina africana,0.058,0.002,206.201,247,2.865,0.19,3.448275862,59.79829
F,2056,-28.4959,28.6526,UnderCanopy,Commelina africana,0.102,0.017,361.693,287,3.225,0.22,16.66666667,21.70158
F,2056,-28.4959,28.6526,OpenGrassland,Commelina africana,0.207,0.041,546.873,338,5.62,0.08,19.80676329,27.61041732
F,2056,-28.4959,28.6526,UnderCanopy,Commelina africana,0.146,0.015,547.853,319,3.78,0.2,10.2739726,53.32435867
F,2056,-28.4959,28.6526,OpenGrassland,Commelina africana,0.137,0.021,367.876,266,4.655,0.07,15.32846715,23.99952952
F,2056,-28.4959,28.6526,UnderCanopy,Commelina africana,0.081,0.009,271.88,213,6.665,0.02,11.11111111,24.4692
F,2056,-28.4959,28.6526,OpenGrassland,Commelina africana,0.099,0.021,398.486,357,1.825,0.12,21.21212121,18.78576857
F,2056,-28.4959,28.6526,UnderCanopy,Commelina africana,0.099,0.017,361.269,211,4.5,0.08,17.17171717,21.03860647
F,2056,-28.4959,28.6526,OpenGrassland,Commelina africana,0.103,0.031,338.216,234,3.725,0.06,30.09708738,11.23749935
F,2056,-28.4959,28.6526,UnderCanopy,Commelina africana,0.121,0.021,434.037,395,4.14,0.1,17.3553719,25.00879857
F,2056,-28.4959,28.6526,OpenGrassland,Commelina africana,0.225,0.021,252.876,215,1.69,0.02,9.333333333,27.09385714
F,2056,-28.4959,28.6526,UnderCanopy,Commelina africana,0.085,0.005,836.295,266,3.385,0.04,5.882352941,142.17015
F,2056,-28.4959,28.6526,OpenGrassland,Commelina africana,0.133,0.018,473.169,251,4.98,0.28,13.53383459,34.96193167
F,2056,-28.4959,28.6526,UnderCanopy,Commelina africana,0.077,0.009,320.879,264,2.74,0.32,11.68831169,27.45298111
F,2056,-28.4959,28.6526,OpenGrassland,Commelina africana,0.103,0.01,410.414,427,2.655,0.18,9.708737864,42.272642
F,2056,-28.4959,28.6526,UnderCanopy,Commelina africana,0.027,0.008,135.713,192,1.505,0.13,29.62962963,4.58031375
G,2056,-28.5015,28.6114,OpenGrassland,Commelina africana,0.135,0.019,543.043,272,1.95,0.09,14.07407407,38.58463421
G,2056,-28.5015,28.6114,UnderCanopy,Commelina africana,0.076,0.018,281.499,213,2.895,0.04,23.68421053,11.88551333
G,2056,-28.5015,28.6114,OpenGrassland,Commelina africana,0.11,0.016,406.205,179,1.49,0.13,14.54545455,27.92659375
G,2056,-28.5015,28.6114,UnderCanopy,Commelina africana,0.084,0.014,262.378,156,3.43,0.15,16.66666667,15.74268
G,2056,-28.5015,28.6114,OpenGrassland,Commelina africana,0.203,0.042,546.303,306,4.355,0.14,20.68965517,26.404645
G,2056,-28.5015,28.6114,UnderCanopy,Commelina africana,0.199,0.023,574.472,378,6.075,0.1,11.55778894,49.70431652
G,2056,-28.5015,28.6114,OpenGrassland,Commelina africana,0.213,0.041,769.739,169,3.535,0.1,19.24882629,39.98887976
G,2056,-28.5015,28.6114,UnderCanopy,Commelina africana,0.099,0.01,252.365,313,3.155,0.06,10.1010101,24.984135
G,2056,-28.5015,28.6114,OpenGrassland,Commelina africana,0.127,0.027,422.606,222,3.785,0.06,21.25984252,19.87813407
G,2056,-28.5015,28.6114,UnderCanopy,Commelina africana,0.032,0.021,178.968,137,3.2,0.07,65.625,2.727131429
G,2056,-28.5015,28.6114,OpenGrassland,Commelina africana,0.193,0.028,630.488,272,5.685,0.18,14.50777202,43.45863714
G,2056,-28.5015,28.6114,UnderCanopy,Commelina africana,0.181,0.032,693.623,241,4.67,0.13,17.67955801,39.23305094
G,2056,-28.5015,28.6114,OpenGrassland,Commelina africana,0.026,0.001,101.39,179,1.17,0.15,3.846153846,26.3614
G,2056,-28.5015,28.6114,UnderCanopy,Commelina africana,0.016,0.005,94.973,188,0.805,0.15,31.25,3.039136
G,2056,-28.5015,28.6114,OpenGrassland,Commelina africana,0.125,0.013,435.25,270,3.42,0.05,10.4,41.85096154
G,2056,-28.5015,28.6114,UnderCanopy,Commelina africana,0.146,0.029,554.007,148,3.735,0.07,19.8630137,27.8913869
G,2056,-28.5015,28.6114,OpenGrassland,Commelina africana,0.086,0.003,319.52,236,2.53,0.19,3.488372093,91.59573333
G,2056,-28.5015,28.6114,UnderCanopy,Commelina africana,0.067,0.009,239.779,124,5.31,0.14,13.43283582,17.85021444
G,2056,-28.5015,28.6114,OpenGrassland,Commelina africana,0.142,0.031,598.153,296,5.33,0.15,21.83098592,27.39926645
G,2056,-28.5015,28.6114,UnderCanopy,Commelina africana,0.052,0.003,166.382,122,3.615,0.11,5.769230769,28.83954667
I,1913,-28.5018,28.6124,OpenGrassland,Commelina africana,0.153,0.013,465.134,270,5.01,0.08,8.496732026,54.74269385
I,1913,-28.5018,28.6124,UnderCanopy,Commelina africana,0.077,0.006,322.565,327,2.945,0.25,7.792207792,41.39584167
I,1913,-28.5018,28.6124,OpenGrassland,Commelina africana,0.154,0.015,547.423,315,4.73,0.38,9.74025974,56.20209467
I,1913,-28.5018,28.6124,UnderCanopy,Commelina africana,0.098,0.027,371.817,302,2.58,0.21,27.55102041,13.49558
I,1913,-28.5018,28.6124,OpenGrassland,Commelina africana,0.097,0.021,386.578,249,3.855,0.18,21.64948454,17.8562219
I,1913,-28.5018,28.6124,UnderCanopy,Commelina africana,0.171,0.03,603.783,355,2.8,0.22,17.54385965,34.415631
I,1913,-28.5018,28.6124,OpenGrassland,Commelina africana,0.227,0.043,644.88,332,3.36,0.09,18.94273128,34.04366512
I,1913,-28.5018,28.6124,UnderCanopy,Commelina africana,0.046,0.002,157.112,198,4.42,0.09,4.347826087,36.13576
I,1913,-28.5018,28.6124,OpenGrassland,Commelina africana,0.068,0.009,271.345,184,4.215,0.1,13.23529412,20.50162222
I,1913,-28.5018,28.6124,UnderCanopy,Commelina africana,0.069,0.013,298.228,342,4.48,0.08,18.84057971,15.82902462
I,1913,-28.5018,28.6124,OpenGrassland,Commelina africana,0.206,0.035,673.372,395,4.21,0.11,16.99029126,39.632752
I,1913,-28.5018,28.6124,UnderCanopy,Commelina africana,0.235,0.03,768.299,226,3.34,0.11,12.76595745,60.18342167
I,1913,-28.5018,28.6124,OpenGrassland,Commelina africana,0.14,0.021,520.197,344,5.755,0.1,15,34.6798
I,1913,-28.5018,28.6124,UnderCanopy,Commelina africana,0.126,0.021,457.652,222,3.895,0.2,16.66666667,27.45912
I,1913,-28.5018,28.6124,OpenGrassland,Commelina africana,0.267,0.029,1007.45,298,4.695,0.17,10.86142322,92.75487931
I,1913,-28.5018,28.6124,UnderCanopy,Commelina africana,0.127,0.027,434.846,363,6.115,0.08,21.25984252,20.45386741
B,2005,-28.53,28.62,OpenGrassland,Helichrysum odoratissimum,0.003,0.001,46.59,150,NA,0.26,33.33333333,1.3977
B,2005,-28.53,28.62,UnderCanopy,Helichrysum odoratissimum,0.009,NA,59.352,179,NA,0.22,NA,NA
B,2005,-28.53,28.62,OpenGrassland,Helichrysum odoratissimum,0.003,NA,41.623,351,NA,0.26,NA,NA
B,2005,-28.53,28.62,UnderCanopy,Helichrysum odoratissimum,0.007,NA,48.026,338,1.17,0.3,NA,NA
B,2005,-28.53,28.62,OpenGrassland,Helichrysum odoratissimum,0.014,NA,136.906,70,0.53,0.55,NA,NA
B,2005,-28.53,28.62,UnderCanopy,Helichrysum odoratissimum,0.012,NA,62.853,220,NA,0.52,NA,NA
B,2005,-28.53,28.62,OpenGrassland,Helichrysum odoratissimum,0.012,0.004,72.197,150,0.755,0.33,33.33333333,2.16591
B,2005,-28.53,28.62,UnderCanopy,Helichrysum odoratissimum,0.009,NA,72.983,346,1.62,0.41,NA,NA
B,2005,-28.53,28.62,OpenGrassland,Helichrysum odoratissimum,0.006,NA,52.422,192,0.645,0.35,NA,NA
B,2005,-28.53,28.62,UnderCanopy,Helichrysum odoratissimum,0.006,NA,73.016,241,0.295,0.32,NA,NA
B,2005,-28.53,28.62,OpenGrassland,Helichrysum odoratissimum,0.019,0.004,152.134,101,0.275,0.5,21.05263158,7.226365
B,2005,-28.53,28.62,UnderCanopy,Helichrysum odoratissimum,0.013,NA,90.786,177,0.32,0.45,NA,NA
D,1847,-28.5989,28.5822,OpenGrassland,Helichrysum odoratissimum,0.008,0.001,79.425,226,NA,0.19,12.5,6.354
D,1847,-28.5989,28.5822,UnderCanopy,Helichrysum odoratissimum,0.004,NA,58.02,179,0.58,0.56,NA,NA
D,1847,-28.5989,28.5822,OpenGrassland,Helichrysum odoratissimum,0.001,NA,12.25,131,NA,0.12,NA,NA
D,1847,-28.5989,28.5822,UnderCanopy,Helichrysum odoratissimum,0.032,0.001,70.788,124,0.31,0.24,3.125,22.65216
D,1847,-28.5989,28.5822,OpenGrassland,Helichrysum odoratissimum,0.015,0.003,115.131,108,0.94,0.35,20,5.75655
D,1847,-28.5989,28.5822,UnderCanopy,Helichrysum odoratissimum,0.001,NA,27.138,306,NA,0.52,NA,NA
D,1847,-28.5989,28.5822,OpenGrassland,Helichrysum odoratissimum,0.001,NA,34.425,186,NA,0.28,NA,NA
D,1847,-28.5989,28.5822,UnderCanopy,Helichrysum odoratissimum,0.045,0.002,79.979,139,0.795,0.56,4.444444444,17.995275
D,1847,-28.5989,28.5822,OpenGrassland,Helichrysum odoratissimum,0.017,NA,51.404,313,NA,0.63,NA,NA
D,1847,-28.5989,28.5822,UnderCanopy,Helichrysum odoratissimum,0.001,NA,46.333,169,NA,0.22,NA,NA
D,1847,-28.5989,28.5822,OpenGrassland,Helichrysum odoratissimum,0.013,0.006,52.65,429,NA,0.24,46.15384615,1.14075
D,1847,-28.5989,28.5822,UnderCanopy,Helichrysum odoratissimum,0.007,NA,54.173,355,NA,0.31,NA,NA
E,1847,-28.4921,28.6473,OpenGrassland,Helichrysum odoratissimum,0.006,NA,34.853,239,NA,0.27,NA,NA
E,1847,-28.4921,28.6473,UnderCanopy,Helichrysum odoratissimum,0.001,NA,29.922,342,NA,0.22,NA,NA
E,1847,-28.4921,28.6473,OpenGrassland,Helichrysum odoratissimum,0.005,NA,39.801,332,NA,0.26,NA,NA
E,1847,-28.4921,28.6473,UnderCanopy,Helichrysum odoratissimum,0.046,NA,28.702,226,NA,0.23,NA,NA
E,1847,-28.4921,28.6473,OpenGrassland,Helichrysum odoratissimum,0.001,NA,36.943,277,NA,0.23,NA,NA
E,1847,-28.4921,28.6473,UnderCanopy,Helichrysum odoratissimum,0.006,NA,50.984,348,1.555,0.28,NA,NA
E,1847,-28.4921,28.6473,OpenGrassland,Helichrysum odoratissimum,0.004,NA,33.533,321,NA,0.25,NA,NA
E,1847,-28.4921,28.6473,UnderCanopy,Helichrysum odoratissimum,0.009,NA,44.264,441,0.805,0.26,NA,NA
F,2056,-28.4959,28.6526,OpenGrassland,Helichrysum odoratissimum,0.007,0.003,33.972,209,2.91,0.18,42.85714286,0.79268
F,2056,-28.4959,28.6526,UnderCanopy,Helichrysum odoratissimum,0.006,0.003,33.621,175,2.125,0.33,50,0.67242
F,2056,-28.4959,28.6526,OpenGrassland,Helichrysum odoratissimum,0.002,NA,21.494,258,0.595,0.14,NA,NA
F,2056,-28.4959,28.6526,UnderCanopy,Helichrysum odoratissimum,0.003,NA,27.277,241,0.765,0.2,NA,NA
F,2056,-28.4959,28.6526,OpenGrassland,Helichrysum odoratissimum,0.004,0.002,33.548,205,1.01,0.21,50,0.67096
F,2056,-28.4959,28.6526,UnderCanopy,Helichrysum odoratissimum,0.007,0.004,70.561,264,1.185,0.32,57.14285714,1.2348175
F,2056,-28.4959,28.6526,OpenGrassland,Helichrysum odoratissimum,0.001,NA,33.519,429,0.675,0.21,NA,NA
F,2056,-28.4959,28.6526,UnderCanopy,Helichrysum odoratissimum,0.001,NA,15.875,319,0.69,0.27,NA,NA
F,2056,-28.4959,28.6526,OpenGrassland,Helichrysum odoratissimum,0.005,0.002,45.287,357,1.595,0.4,40,1.132175
F,2056,-28.4959,28.6526,UnderCanopy,Helichrysum odoratissimum,0.008,0.006,61.688,171,0.22,0.28,75,0.822506667
F,2056,-28.4959,28.6526,OpenGrassland,Helichrysum odoratissimum,0.006,0.005,39.439,253,0.775,0.3,83.33333333,0.473268
F,2056,-28.4959,28.6526,UnderCanopy,Helichrysum odoratissimum,0.011,0.005,72.417,308,0.38,0.28,45.45454545,1.593174
F,2056,-28.4959,28.6526,OpenGrassland,Helichrysum odoratissimum,0.002,NA,20.65,188,1.745,0.24,NA,NA
F,2056,-28.4959,28.6526,UnderCanopy,Helichrysum odoratissimum,0.003,0.001,42.451,268,0.24,0.63,33.33333333,1.27353
G,2056,-28.5015,28.6114,OpenGrassland,Helichrysum odoratissimum,0.009,0.007,42.188,270,0.255,0.17,77.77777778,0.542417143
G,2056,-28.5015,28.6114,UnderCanopy,Helichrysum odoratissimum,0.008,0.005,55.855,289,0.33,0.19,62.5,0.89368
G,2056,-28.5015,28.6114,OpenGrassland,Helichrysum odoratissimum,0.009,0.003,54.467,361,0.2,0.27,33.33333333,1.63401
G,2056,-28.5015,28.6114,UnderCanopy,Helichrysum odoratissimum,0.001,NA,26.517,262,0.485,0.59,NA,NA
G,2056,-28.5015,28.6114,OpenGrassland,Helichrysum odoratissimum,0.004,0.001,34.952,346,0.33,0.16,25,1.39808
G,2056,-28.5015,28.6114,UnderCanopy,Helichrysum odoratissimum,0.001,NA,24.821,268,0.575,0.57,NA,NA
G,2056,-28.5015,28.6114,OpenGrassland,Helichrysum odoratissimum,0.002,0.001,14.94,226,0.95,0.23,50,0.2988
G,2056,-28.5015,28.6114,UnderCanopy,Helichrysum odoratissimum,0.007,0.002,28.71,198,0.335,0.24,28.57142857,1.00485
G,2056,-28.5015,28.6114,OpenGrassland,Helichrysum odoratissimum,0.001,NA,38.416,296,0.55,0.21,NA,NA
G,2056,-28.5015,28.6114,UnderCanopy,Helichrysum odoratissimum,0.008,0.005,57.2,327,0.915,0.52,62.5,0.9152
I,1913,-28.5018,28.6124,OpenGrassland,Helichrysum odoratissimum,0.01,0.001,47.424,171,0.95,0.56,10,4.7424
I,1913,-28.5018,28.6124,UnderCanopy,Helichrysum odoratissimum,0.005,0.003,68.114,150,0.275,0.58,60,1.135233333
I,1913,-28.5018,28.6124,OpenGrassland,Helichrysum odoratissimum,0.002,0.001,69.292,137,0.935,0.6,50,1.38584
I,1913,-28.5018,28.6124,UnderCanopy,Helichrysum odoratissimum,0.001,NA,30.241,230,1.23,0.38,NA,NA
I,1913,-28.5018,28.6124,OpenGrassland,Helichrysum odoratissimum,0.007,0.002,28.019,217,NA,0.24,28.57142857,0.980665
I,1913,-28.5018,28.6124,UnderCanopy,Helichrysum odoratissimum,0.001,NA,52.938,160,1.135,0.24,NA,NA
I,1913,-28.5018,28.6124,OpenGrassland,Helichrysum odoratissimum,0.002,0.001,16.495,372,NA,0.15,50,0.3299
I,1913,-28.5018,28.6124,UnderCanopy,Helichrysum odoratissimum,0.001,NA,16.87,281,NA,0.12,NA,NA
I,1913,-28.5018,28.6124,OpenGrassland,Helichrysum odoratissimum,0.008,NA,18.26,112,NA,0.38,NA,NA
I,1913,-28.5018,28.6124,UnderCanopy,Helichrysum odoratissimum,0.007,0.001,27.586,298,1.17,0.48,14.28571429,1.93102
I,1913,-28.5018,28.6124,OpenGrassland,Helichrysum odoratissimum,0.001,NA,16.933,260,NA,0.26,NA,NA
I,1913,-28.5018,28.6124,UnderCanopy,Helichrysum odoratissimum,0.003,0.001,29.335,401,0.865,0.23,33.33333333,0.88005
I,1913,-28.5018,28.6124,OpenGrassland,Helichrysum odoratissimum,0.011,0.005,50.189,270,1.205,0.58,45.45454545,1.104158
I,1913,-28.5018,28.6124,UnderCanopy,Helichrysum odoratissimum,0.001,NA,13.481,230,NA,0.42,NA,NA
I,1913,-28.5018,28.6124,OpenGrassland,Helichrysum odoratissimum,0.001,NA,9.919,239,NA,0.46,NA,NA
I,1913,-28.5018,28.6124,UnderCanopy,Helichrysum odoratissimum,0.006,0.004,34.115,281,0.77,0.46,66.66666667,0.511725
B,2005,-28.53,28.62,OpenGrassland,Miscanthus capensis,0.255,0.082,1478.154,395,NA,0.97,32.15686275,45.96698415
B,2005,-28.53,28.62,UnderCanopy,Miscanthus capensis,0.113,0.031,742.17,306,9.73,0.62,27.43362832,27.05329355
B,2005,-28.53,28.62,OpenGrassland,Miscanthus capensis,0.577,0.188,2642.28,488,NA,1.02,32.58232236,81.09550851
B,2005,-28.53,28.62,UnderCanopy,Miscanthus capensis,0.548,0.185,2609.599,412,NA,1.1,33.75912409,77.30055416
B,2005,-28.53,28.62,OpenGrassland,Miscanthus capensis,0.493,0.198,2433.861,410,NA,1.12,40.16227181,60.60068045
B,2005,-28.53,28.62,UnderCanopy,Miscanthus capensis,0.618,0.248,2786.072,376,NA,1.26,40.12944984,69.42711677
B,2005,-28.53,28.62,OpenGrassland,Miscanthus capensis,0.19,0.063,1036.939,458,10.935,0.82,33.15789474,31.27276349
B,2005,-28.53,28.62,UnderCanopy,Miscanthus capensis,0.542,0.175,2946.363,389,NA,0.89,32.28782288,91.2530712
B,2005,-28.53,28.62,OpenGrassland,Miscanthus capensis,0.377,0.172,1932.058,429,NA,1.9,45.62334218,42.34801547
B,2005,-28.53,28.62,UnderCanopy,Miscanthus capensis,0.832,0.383,3300.529,441,NA,1.9,46.03365385,71.69817567
D,1847,-28.5989,28.5822,OpenGrassland,Miscanthus capensis,0.107,0.041,620.844,289,NA,0.71,38.31775701,16.20251415
D,1847,-28.5989,28.5822,UnderCanopy,Miscanthus capensis,0.233,0.088,1797.802,397,NA,1.4,37.76824034,47.60089386
D,1847,-28.5989,28.5822,OpenGrassland,Miscanthus capensis,0.333,0.164,2318.988,408,NA,0.74,49.24924925,47.08676854
D,1847,-28.5989,28.5822,UnderCanopy,Miscanthus capensis,0.555,0.249,3037.552,399,NA,1.49,44.86486486,67.70447229
D,1847,-28.5989,28.5822,OpenGrassland,Miscanthus capensis,0.545,0.202,2585.51,351,NA,0.74,37.06422018,69.75757178
D,1847,-28.5989,28.5822,UnderCanopy,Miscanthus capensis,0.603,0.249,3447.087,281,10.56,0.92,41.29353234,83.47764904
D,1847,-28.5989,28.5822,OpenGrassland,Miscanthus capensis,0.284,0.107,1776.704,260,5.94,0.66,37.67605634,47.1573772
D,1847,-28.5989,28.5822,UnderCanopy,Miscanthus capensis,0.21,0.078,1366.996,296,7.145,0.94,37.14285714,36.80373846
D,1847,-28.5989,28.5822,OpenGrassland,Miscanthus capensis,0.332,0.143,2029.24,321,NA,0.92,43.07228916,47.11242517
D,1847,-28.5989,28.5822,UnderCanopy,Miscanthus capensis,0.139,0.058,1248.387,378,10.76,1.15,41.72661871,29.91824017
D,1847,-28.5989,28.5822,OpenGrassland,Miscanthus capensis,0.18,0.086,1208.215,264,NA,0.85,47.77777778,25.28822093
D,1847,-28.5989,28.5822,UnderCanopy,Miscanthus capensis,0.374,0.166,1537.979,450,NA,0.83,44.38502674,34.65085217
E,1847,-28.4921,28.6473,OpenGrassland,Miscanthus capensis,0.331,0.097,1832.513,359,3.65,0.64,29.30513595,62.53214464
E,1847,-28.4921,28.6473,UnderCanopy,Miscanthus capensis,0.187,0.07,1363.473,342,5.435,0.61,37.43315508,36.42420729
E,1847,-28.4921,28.6473,OpenGrassland,Miscanthus capensis,0.171,0.061,1166.974,355,7.69,0.67,35.67251462,32.71353344
E,1847,-28.4921,28.6473,UnderCanopy,Miscanthus capensis,0.164,0.067,1097.067,315,NA,0.97,40.85365854,26.8535803
E,1847,-28.4921,28.6473,OpenGrassland,Miscanthus capensis,0.16,0.06,1123.312,313,9.695,0.79,37.5,29.95498667
E,1847,-28.4921,28.6473,UnderCanopy,Miscanthus capensis,0.228,0.071,1197.398,420,10.665,0.86,31.14035088,38.45165408
E,1847,-28.4921,28.6473,OpenGrassland,Miscanthus capensis,0.261,0.084,1652.463,355,9.485,0.74,32.18390805,51.34438607
E,1847,-28.4921,28.6473,UnderCanopy,Miscanthus capensis,0.129,0.051,1024.251,414,10.355,0.88,39.53488372,25.90752529
F,2056,-28.4959,28.6526,OpenGrassland,Miscanthus capensis,0.516,0.199,1725.317,496,NA,0.68,38.56589147,44.73686291
F,2056,-28.4959,28.6526,UnderCanopy,Miscanthus capensis,0.314,0.133,1516.689,454,NA,0.94,42.3566879,35.80754481
F,2056,-28.4959,28.6526,OpenGrassland,Miscanthus capensis,0.31,0.12,1900.294,384,NA,1.56,38.70967742,49.09092833
F,2056,-28.4959,28.6526,UnderCanopy,Miscanthus capensis,0.514,0.186,2724.105,281,NA,1.11,36.18677043,75.27903065
F,2056,-28.4959,28.6526,OpenGrassland,Miscanthus capensis,0.438,0.131,1845.374,374,8.855,1.04,29.9086758,61.70029099
F,2056,-28.4959,28.6526,UnderCanopy,Miscanthus capensis,0.406,0.129,2567.839,325,NA,1.14,31.77339901,80.81725845
F,2056,-28.4959,28.6526,OpenGrassland,Miscanthus capensis,0.516,0.218,2860.578,376,NA,1.43,42.24806202,67.70909394
F,2056,-28.4959,28.6526,UnderCanopy,Miscanthus capensis,0.443,0.148,2348.189,357,9.7,1.52,33.40857788,70.28700858
F,2056,-28.4959,28.6526,OpenGrassland,Miscanthus capensis,0.138,0.051,1035.204,389,NA,0.93,36.95652174,28.01140235
F,2056,-28.4959,28.6526,UnderCanopy,Miscanthus capensis,0.438,0.186,2215.925,446,5.24,0.74,42.46575342,52.18145968
F,2056,-28.4959,28.6526,OpenGrassland,Miscanthus capensis,0.385,0.146,2163.038,403,NA,0.92,37.92207792,57.03901575
F,2056,-28.4959,28.6526,UnderCanopy,Miscanthus capensis,0.089,0.027,716.223,465,5.655,0.96,30.33707865,23.60883222
F,2056,-28.4959,28.6526,OpenGrassland,Miscanthus capensis,0.347,0.116,1886.919,414,NA,1.03,33.42939481,56.44490457
F,2056,-28.4959,28.6526,UnderCanopy,Miscanthus capensis,0.159,0.051,1142.556,367,5,0.84,32.0754717,35.62086353
F,2056,-28.4959,28.6526,OpenGrassland,Miscanthus capensis,0.354,0.149,2010.207,387,NA,1.24,42.09039548,47.7592804
F,2056,-28.4959,28.6526,UnderCanopy,Miscanthus capensis,0.232,0.08,1519.335,340,8.96,0.81,34.48275862,44.060715
F,2056,-28.4959,28.6526,OpenGrassland,Miscanthus capensis,0.301,0.084,1816.255,234,9.52,1.03,27.90697674,65.08247083
F,2056,-28.4959,28.6526,UnderCanopy,Miscanthus capensis,0.371,0.123,2455.938,401,9.49,0.86,33.15363881,74.07747951
G,2056,-28.5015,28.6114,OpenGrassland,Miscanthus capensis,0.413,0.18,1928.872,351,5.135,0.55,43.58353511,44.25689644
G,2056,-28.5015,28.6114,UnderCanopy,Miscanthus capensis,0.574,0.272,2957.7,410,2.64,0.98,47.38675958,62.41616912
G,2056,-28.5015,28.6114,OpenGrassland,Miscanthus capensis,0.563,0.247,2481.783,406,5.625,0.66,43.87211368,56.56857607
G,2056,-28.5015,28.6114,UnderCanopy,Miscanthus capensis,0.151,0.081,916.504,391,3.17,0.45,53.64238411,17.08544494
G,2056,-28.5015,28.6114,OpenGrassland,Miscanthus capensis,0.341,0.166,1593.886,494,8.55,0.66,48.68035191,32.74187506
G,2056,-28.5015,28.6114,UnderCanopy,Miscanthus capensis,0.578,0.268,3214.188,403,7.66,1.02,46.36678201,69.3209203
G,2056,-28.5015,28.6114,OpenGrassland,Miscanthus capensis,0.333,0.136,1493.329,294,NA,1.1,40.84084084,36.56459978
G,2056,-28.5015,28.6114,UnderCanopy,Miscanthus capensis,0.417,0.168,2079.905,308,NA,1.08,40.28776978,51.62621339
G,2056,-28.5015,28.6114,OpenGrassland,Miscanthus capensis,0.887,0.394,3406.399,308,NA,0.74,44.41939121,76.68720591
G,2056,-28.5015,28.6114,UnderCanopy,Miscanthus capensis,0.842,0.329,2567.839,346,NA,0.93,39.0736342,65.71794644
G,2056,-28.5015,28.6114,OpenGrassland,Miscanthus capensis,0.624,0.266,2364.386,416,NA,0.8,42.62820513,55.46529564
G,2056,-28.5015,28.6114,UnderCanopy,Miscanthus capensis,0.604,0.224,2885.4,232,NA,1.4,37.08609272,77.80275
G,2056,-28.5015,28.6114,OpenGrassland,Miscanthus capensis,0.447,0.193,1928.01,403,9.505,0.6,43.17673378,44.65391036
G,2056,-28.5015,28.6114,UnderCanopy,Miscanthus capensis,0.375,0.153,1831.297,429,10.085,0.98,40.8,44.88473039
G,2056,-28.5015,28.6114,OpenGrassland,Miscanthus capensis,0.53,0.233,2013.715,515,8.92,0.62,43.96226415,45.80553433
G,2056,-28.5015,28.6114,UnderCanopy,Miscanthus capensis,0.618,0.246,2453.292,437,NA,0.91,39.80582524,61.63148195
G,2056,-28.5015,28.6114,OpenGrassland,Miscanthus capensis,0.428,0.194,1815.568,325,NA,0.84,45.3271028,40.05479918
G,2056,-28.5015,28.6114,UnderCanopy,Miscanthus capensis,0.389,0.153,1681.887,268,5.64,0.73,39.33161954,42.76170216
I,1913,-28.5018,28.6124,OpenGrassland,Miscanthus capensis,0.361,0.161,1315.926,367,NA,0.66,44.59833795,29.50616683
I,1913,-28.5018,28.6124,UnderCanopy,Miscanthus capensis,0.282,0.105,1070.007,414,NA,0.93,37.23404255,28.73733086
I,1913,-28.5018,28.6124,OpenGrassland,Miscanthus capensis,0.261,0.112,1225.981,463,NA,0.79,42.91187739,28.5697358
I,1913,-28.5018,28.6124,UnderCanopy,Miscanthus capensis,0.269,0.107,1348.904,416,10.22,0.91,39.77695167,33.91169869
I,1913,-28.5018,28.6124,OpenGrassland,Miscanthus capensis,0.343,0.174,1588.609,408,NA,0.81,50.72886297,31.31568316
I,1913,-28.5018,28.6124,UnderCanopy,Miscanthus capensis,0.189,0.091,864.8,435,NA,0.77,48.14814815,17.96123077
I,1913,-28.5018,28.6124,OpenGrassland,Miscanthus capensis,0.413,0.188,1405.222,452,NA,0.5,45.52058111,30.87003649
I,1913,-28.5018,28.6124,UnderCanopy,Miscanthus capensis,0.094,0.024,597.879,298,7.705,0.54,25.53191489,23.4169275
I,1913,-28.5018,28.6124,OpenGrassland,Miscanthus capensis,0.447,0.188,2128.086,378,NA,1.29,42.05816555,50.59864053
I,1913,-28.5018,28.6124,UnderCanopy,Miscanthus capensis,0.729,0.204,2094.783,446,NA,0.67,27.98353909,74.85768662
I,1913,-28.5018,28.6124,OpenGrassland,Miscanthus capensis,0.554,0.246,2192.662,465,NA,0.6,44.40433213,49.3794613
I,1913,-28.5018,28.6124,UnderCanopy,Miscanthus capensis,0.565,0.256,2084.926,420,NA,1.02,45.30973451,46.01496836
I,1913,-28.5018,28.6124,OpenGrassland,Miscanthus capensis,0.635,0.283,2723.059,425,NA,1.14,44.56692913,61.10044046
I,1913,-28.5018,28.6124,UnderCanopy,Miscanthus capensis,0.374,0.177,1908.32,435,NA,0.97,47.32620321,40.32269379
I,1913,-28.5018,28.6124,OpenGrassland,Miscanthus capensis,0.895,0.398,3506.15,507,NA,0.86,44.46927374,78.84432789
I,1913,-28.5018,28.6124,UnderCanopy,Miscanthus capensis,0.988,0.378,3777.48,482,NA,0.74,38.25910931,98.73413333
B,2005,-28.53,28.62,OpenGrassland,Oxalis obliquifolia,0.047,0.004,185.934,196,0.47,0.09,8.510638298,21.847245
B,2005,-28.53,28.62,UnderCanopy,Oxalis obliquifolia,0.051,0.006,243.371,184,0.7,0.08,11.76470588,20.686535
B,2005,-28.53,28.62,OpenGrassland,Oxalis obliquifolia,0.044,0.006,187.322,270,NA,0.06,13.63636364,13.73694667
B,2005,-28.53,28.62,UnderCanopy,Oxalis obliquifolia,0.103,0.01,335.243,222,2.18,0.08,9.708737864,34.530029
B,2005,-28.53,28.62,OpenGrassland,Oxalis obliquifolia,0.125,0.009,379.541,198,1.61,0.22,7.2,52.71402778
B,2005,-28.53,28.62,UnderCanopy,Oxalis obliquifolia,0.06,0.006,196.315,211,0.67,0.15,10,19.6315
B,2005,-28.53,28.62,OpenGrassland,Oxalis obliquifolia,0.034,NA,130.186,114,NA,0.04,NA,NA
B,2005,-28.53,28.62,UnderCanopy,Oxalis obliquifolia,0.084,0.003,260.171,NA,1.37,0.08,3.571428571,72.84788
B,2005,-28.53,28.62,OpenGrassland,Oxalis obliquifolia,0.059,0.009,187.455,194,0.925,0.11,15.25423729,12.28871667
B,2005,-28.53,28.62,UnderCanopy,Oxalis obliquifolia,0.032,0.009,147.604,165,1.195,0.06,28.125,5.248142222
B,2005,-28.53,28.62,OpenGrassland,Oxalis obliquifolia,0.023,NA,59.108,156,NA,0.09,NA,NA
B,2005,-28.53,28.62,UnderCanopy,Oxalis obliquifolia,0.026,NA,77.831,249,NA,0.06,NA,NA
B,2005,-28.53,28.62,OpenGrassland,Oxalis obliquifolia,0.063,0.006,198.204,NA,2,0.19,9.523809524,20.81142
B,2005,-28.53,28.62,UnderCanopy,Oxalis obliquifolia,0.076,0.009,264.751,122,1.55,0.1,11.84210526,22.35675111
B,2005,-28.53,28.62,OpenGrassland,Oxalis obliquifolia,0.048,NA,156.798,137,1.655,0.04,NA,NA
B,2005,-28.53,28.62,UnderCanopy,Oxalis obliquifolia,0.061,0.006,252.565,234,1.25,0.08,9.836065574,25.67744167
E,1847,-28.4921,28.6473,OpenGrassland,Oxalis obliquifolia,0.058,0.006,223.295,179,1.715,0.04,10.34482759,21.58518333
E,1847,-28.4921,28.6473,UnderCanopy,Oxalis obliquifolia,0.078,0.012,285.446,236,3.875,0.05,15.38461538,18.55399
E,1847,-28.4921,28.6473,OpenGrassland,Oxalis obliquifolia,0.074,0.007,261.542,209,1.995,0.04,9.459459459,27.64872571
E,1847,-28.4921,28.6473,UnderCanopy,Oxalis obliquifolia,0.153,0.009,617.981,332,1.275,0.1,5.882352941,105.05677
E,1847,-28.4921,28.6473,OpenGrassland,Oxalis obliquifolia,0.068,0.008,252.314,285,1.31,0.04,11.76470588,21.44669
E,1847,-28.4921,28.6473,UnderCanopy,Oxalis obliquifolia,0.089,0.006,344.404,156,1.03,0.06,6.741573034,51.08659333
E,1847,-28.4921,28.6473,OpenGrassland,Oxalis obliquifolia,0.099,0.013,357.626,306,1.585,0.07,13.13131313,27.23459538
E,1847,-28.4921,28.6473,UnderCanopy,Oxalis obliquifolia,0.101,0.015,379.759,279,2.235,0.07,14.85148515,25.57043933
E,1847,-28.4921,28.6473,OpenGrassland,Oxalis obliquifolia,0.069,0.067,261.374,184,1.105,0.06,97.10144928,2.69176209
E,1847,-28.4921,28.6473,UnderCanopy,Oxalis obliquifolia,0.135,0.011,475.676,154,3.38,0.08,8.148148148,58.37841818
E,1847,-28.4921,28.6473,OpenGrassland,Oxalis obliquifolia,0.051,0.006,197.669,196,1.285,0.05,11.76470588,16.801865
E,1847,-28.4921,28.6473,UnderCanopy,Oxalis obliquifolia,0.051,0.005,194.092,103,NA,0.06,9.803921569,19.797384
E,1847,-28.4921,28.6473,OpenGrassland,Oxalis obliquifolia,0.066,0.007,248.185,247,2.995,0.06,10.60606061,23.4003
E,1847,-28.4921,28.6473,UnderCanopy,Oxalis obliquifolia,0.067,0.011,260.288,241,2.655,0.04,16.41791045,15.85390545
E,1847,-28.4921,28.6473,OpenGrassland,Oxalis obliquifolia,0.051,0.007,188.375,287,NA,0.05,13.7254902,13.72446429
E,1847,-28.4921,28.6473,UnderCanopy,Oxalis obliquifolia,0.106,0.018,386.495,245,1.605,0.07,16.98113208,22.76026111
E,1847,-28.4921,28.6473,OpenGrassland,Oxalis obliquifolia,0.097,0.014,358.78,258,3.37,0.04,14.43298969,24.85832857
E,1847,-28.4921,28.6473,UnderCanopy,Oxalis obliquifolia,0.105,0.009,384.473,236,1.1,0.06,8.571428571,44.85518333
E,1847,-28.4921,28.6473,OpenGrassland,Oxalis obliquifolia,0.074,0.012,259.017,213,0.84,0.06,16.21621622,15.972715
E,1847,-28.4921,28.6473,UnderCanopy,Oxalis obliquifolia,0.069,0.013,276.035,243,1.06,0.05,18.84057971,14.65108846
F,2056,-28.4959,28.6526,OpenGrassland,Oxalis obliquifolia,0.099,0.006,319.651,243,2.66,0.14,6.060606061,52.742415
F,2056,-28.4959,28.6526,UnderCanopy,Oxalis obliquifolia,0.131,0.027,404.684,334,2.27,0.17,20.61068702,19.63466815
F,2056,-28.4959,28.6526,OpenGrassland,Oxalis obliquifolia,0.062,0.007,201.348,171,0.865,0.04,11.29032258,17.83368
F,2056,-28.4959,28.6526,UnderCanopy,Oxalis obliquifolia,0.056,0.012,194.507,133,1.86,0.13,21.42857143,9.076993333
F,2056,-28.4959,28.6526,OpenGrassland,Oxalis obliquifolia,0.072,0.003,258.68,209,1.8,0.1,4.166666667,62.0832
F,2056,-28.4959,28.6526,UnderCanopy,Oxalis obliquifolia,0.076,0.02,232.441,211,1.2,0.06,26.31578947,8.832758
F,2056,-28.4959,28.6526,OpenGrassland,Oxalis obliquifolia,0.045,0.011,161.719,148,1.025,0.2,24.44444444,6.615777273
F,2056,-28.4959,28.6526,UnderCanopy,Oxalis obliquifolia,0.085,0.001,270.725,196,4.13,0.11,1.176470588,230.11625
F,2056,-28.4959,28.6526,OpenGrassland,Oxalis obliquifolia,0.029,0.01,131.693,167,0.74,0.07,34.48275862,3.819097
F,2056,-28.4959,28.6526,UnderCanopy,Oxalis obliquifolia,0.024,0.007,98.584,124,0.625,0.09,29.16666667,3.380022857
F,2056,-28.4959,28.6526,OpenGrassland,Oxalis obliquifolia,0.18,0.036,536.875,289,1.44,0.08,20,26.84375
F,2056,-28.4959,28.6526,UnderCanopy,Oxalis obliquifolia,0.166,0.018,468.053,285,3.26,0.1,10.84337349,43.16488778
F,2056,-28.4959,28.6526,OpenGrassland,Oxalis obliquifolia,0.074,0.005,246.459,203,2.1,0.06,6.756756757,36.475932
F,2056,-28.4959,28.6526,UnderCanopy,Oxalis obliquifolia,0.066,0.001,169.846,211,0.865,0.14,1.515151515,112.09836
F,2056,-28.4959,28.6526,OpenGrassland,Oxalis obliquifolia,0.086,0.003,274.584,158,1.82,0.1,3.488372093,78.71408
F,2056,-28.4959,28.6526,UnderCanopy,Oxalis obliquifolia,0.091,0.001,357.322,275,1.42,0.21,1.098901099,325.16302
G,2056,-28.5015,28.6114,OpenGrassland,Oxalis obliquifolia,0.126,0.005,367.628,205,2.575,0.11,3.968253968,92.642256
G,2056,-28.5015,28.6114,UnderCanopy,Oxalis obliquifolia,0.081,0.006,281.645,179,1.52,0.12,7.407407407,38.022075
I,1913,-28.5018,28.6124,OpenGrassland,Oxalis obliquifolia,0.025,0.003,82.713,251,NA,0.04,12,6.89275
I,1913,-28.5018,28.6124,UnderCanopy,Oxalis obliquifolia,0.089,0.007,262.057,283,2.295,0.11,7.865168539,33.31867571
I,1913,-28.5018,28.6124,OpenGrassland,Oxalis obliquifolia,0.083,0.017,250.858,135,1.215,0.18,20.48192771,12.24777294
I,1913,-28.5018,28.6124,UnderCanopy,Oxalis obliquifolia,0.1,0.016,290.121,110,1.03,0.14,16,18.1325625
I,1913,-28.5018,28.6124,OpenGrassland,Oxalis obliquifolia,0.026,0.006,99.191,137,NA,0.03,23.07692308,4.298276667
I,1913,-28.5018,28.6124,UnderCanopy,Oxalis obliquifolia,0.102,0.009,358.992,190,2.055,0.13,8.823529412,40.68576
B,2005,-28.53,28.62,OpenGrassland,Pseudognathalium sp.,0.018,NA,120.739,160,0.645,0.36,NA,NA
B,2005,-28.53,28.62,UnderCanopy,Pseudognathalium sp.,0.028,0.001,142.063,291,1.075,0.69,3.571428571,39.77764
B,2005,-28.53,28.62,OpenGrassland,Pseudognathalium sp.,0.012,NA,76.343,154,0.57,0.39,NA,NA
B,2005,-28.53,28.62,UnderCanopy,Pseudognathalium sp.,0.047,0.011,212.546,201,0.565,0.46,23.40425532,9.081510909
B,2005,-28.53,28.62,OpenGrassland,Pseudognathalium sp.,0.02,0.005,100.632,253,1.375,0.18,25,4.02528
B,2005,-28.53,28.62,UnderCanopy,Pseudognathalium sp.,0.026,0.007,138.744,239,1.46,0.36,26.92307692,5.153348571
B,2005,-28.53,28.62,OpenGrassland,Pseudognathalium sp.,0.015,0.004,97.623,275,0.68,0.25,26.66666667,3.6608625
B,2005,-28.53,28.62,UnderCanopy,Pseudognathalium sp.,0.044,0.011,196.649,251,1.79,0.66,25,7.86596
B,2005,-28.53,28.62,OpenGrassland,Pseudognathalium sp.,0.019,0.006,95.75,175,1.17,0.41,31.57894737,3.032083333
B,2005,-28.53,28.62,UnderCanopy,Pseudognathalium sp.,0.032,0.007,133.479,232,1.205,0.56,21.875,6.101897143
B,2005,-28.53,28.62,OpenGrassland,Pseudognathalium sp.,0.011,0.001,64.29,245,0.385,0.19,9.090909091,7.0719
B,2005,-28.53,28.62,UnderCanopy,Pseudognathalium sp.,0.017,NA,125.706,188,0.37,0.38,NA,NA
B,2005,-28.53,28.62,OpenGrassland,Pseudognathalium sp.,0.023,0.005,113.135,127,0.57,0.55,21.73913043,5.20421
B,2005,-28.53,28.62,UnderCanopy,Pseudognathalium sp.,0.062,0.003,334.775,201,0.76,0.11,4.838709677,69.18683333
B,2005,-28.53,28.62,OpenGrassland,Pseudognathalium sp.,0.017,0.001,78.934,148,1.015,0.25,5.882352941,13.41878
B,2005,-28.53,28.62,UnderCanopy,Pseudognathalium sp.,0.026,NA,130.152,163,0.5,0.5,NA,NA
D,1847,-28.5989,28.5822,OpenGrassland,Pseudognathalium sp.,0.012,0.006,76.085,165,1.655,0.26,50,1.5217
D,1847,-28.5989,28.5822,UnderCanopy,Pseudognathalium sp.,0.023,0.007,106.131,209,1.68,0.32,30.43478261,3.487161429
D,1847,-28.5989,28.5822,OpenGrassland,Pseudognathalium sp.,0.018,0.005,74.58,262,1.46,0.23,27.77777778,2.68488
D,1847,-28.5989,28.5822,UnderCanopy,Pseudognathalium sp.,0.027,0.005,195.092,84,1.31,0.59,18.51851852,10.534968
D,1847,-28.5989,28.5822,OpenGrassland,Pseudognathalium sp.,0.017,0.004,101.527,232,0.96,0.17,23.52941176,4.3148975
D,1847,-28.5989,28.5822,UnderCanopy,Pseudognathalium sp.,0.026,0.005,100.678,220,1.315,0.49,19.23076923,5.235256
D,1847,-28.5989,28.5822,OpenGrassland,Pseudognathalium sp.,0.025,0.007,100.16,291,1.47,0.27,28,3.577142857
D,1847,-28.5989,28.5822,UnderCanopy,Pseudognathalium sp.,0.017,0.005,114.369,124,0.675,0.39,29.41176471,3.888546
D,1847,-28.5989,28.5822,OpenGrassland,Pseudognathalium sp.,0.014,0.008,67.777,196,1.515,0.37,57.14285714,1.1860975
D,1847,-28.5989,28.5822,UnderCanopy,Pseudognathalium sp.,0.024,0.007,118.696,264,2.115,0.49,29.16666667,4.069577143
D,1847,-28.5989,28.5822,OpenGrassland,Pseudognathalium sp.,0.018,0.006,95.712,148,1.56,0.16,33.33333333,2.87136
D,1847,-28.5989,28.5822,UnderCanopy,Pseudognathalium sp.,0.028,0.006,168.837,179,0.93,0.51,21.42857143,7.87906
D,1847,-28.5989,28.5822,OpenGrassland,Pseudognathalium sp.,0.026,0.007,120.6,232,2.31,0.22,26.92307692,4.479428571
D,1847,-28.5989,28.5822,UnderCanopy,Pseudognathalium sp.,0.015,0.004,11.627,217,1.285,0.33,26.66666667,0.4360125
D,1847,-28.5989,28.5822,OpenGrassland,Pseudognathalium sp.,0.017,0.005,109.09,177,1.895,0.33,29.41176471,3.70906
D,1847,-28.5989,28.5822,UnderCanopy,Pseudognathalium sp.,0.027,0.008,127.627,110,1.425,0.34,29.62962963,4.30741125
D,1847,-28.5989,28.5822,OpenGrassland,Pseudognathalium sp.,0.022,0.007,101.977,234,1.705,0.25,31.81818182,3.204991429
D,1847,-28.5989,28.5822,UnderCanopy,Pseudognathalium sp.,0.017,0.005,111.704,249,1.315,0.3,29.41176471,3.797936
D,1847,-28.5989,28.5822,OpenGrassland,Pseudognathalium sp.,0.017,0.005,80.325,186,1.165,0.5,29.41176471,2.73105
D,1847,-28.5989,28.5822,UnderCanopy,Pseudognathalium sp.,0.018,NA,109.229,129,0.31,0.35,NA,NA
E,1847,-28.4921,28.6473,OpenGrassland,Pseudognathalium sp.,0.028,0.008,121.092,135,1.54,0.16,28.57142857,4.23822
E,1847,-28.4921,28.6473,UnderCanopy,Pseudognathalium sp.,0.039,0.008,159.874,317,2.63,0.14,20.51282051,7.7938575
E,1847,-28.4921,28.6473,OpenGrassland,Pseudognathalium sp.,0.018,0.006,78.165,182,1.125,0.1,33.33333333,2.34495
E,1847,-28.4921,28.6473,UnderCanopy,Pseudognathalium sp.,0.04,0.01,126.575,260,1.15,0.29,25,5.063
E,1847,-28.4921,28.6473,OpenGrassland,Pseudognathalium sp.,0.039,0.008,156.146,249,1.435,0.24,20.51282051,7.6121175
E,1847,-28.4921,28.6473,UnderCanopy,Pseudognathalium sp.,0.025,0.005,136.705,194,0.825,0.43,20,6.83525
E,1847,-28.4921,28.6473,OpenGrassland,Pseudognathalium sp.,0.019,0.006,73.702,171,2.12,0.26,31.57894737,2.333896667
E,1847,-28.4921,28.6473,UnderCanopy,Pseudognathalium sp.,0.036,0.005,182.775,158,1.8,0.24,13.88888889,13.1598
E,1847,-28.4921,28.6473,OpenGrassland,Pseudognathalium sp.,0.055,0.011,221.908,298,2.2,0.21,20,11.0954
E,1847,-28.4921,28.6473,UnderCanopy,Pseudognathalium sp.,0.072,0.013,291.865,304,1.82,0.28,18.05555556,16.16483077
E,1847,-28.4921,28.6473,OpenGrassland,Pseudognathalium sp.,0.019,0.007,113.236,194,1.235,0.16,36.84210526,3.073548571
E,1847,-28.4921,28.6473,UnderCanopy,Pseudognathalium sp.,0.028,0.007,164.136,215,1.4,0.35,25,6.56544
E,1847,-28.4921,28.6473,OpenGrassland,Pseudognathalium sp.,0.041,0.007,194.376,224,2.005,0.17,17.07317073,11.38488
E,1847,-28.4921,28.6473,UnderCanopy,Pseudognathalium sp.,0.049,0.009,234.461,156,1.115,0.27,18.36734694,12.76509889
E,1847,-28.4921,28.6473,OpenGrassland,Pseudognathalium sp.,0.034,0.005,186.402,228,1.085,0.14,14.70588235,12.675336
E,1847,-28.4921,28.6473,UnderCanopy,Pseudognathalium sp.,0.029,0.004,116.779,226,1.22,0.29,13.79310345,8.4664775
F,2056,-28.4959,28.6526,OpenGrassland,Pseudognathalium sp.,0.132,0.038,728.487,186,3.25,0.32,28.78787879,25.30533789
F,2056,-28.4959,28.6526,UnderCanopy,Pseudognathalium sp.,0.104,0.031,424.579,173,5.29,0.39,29.80769231,14.24394065
G,2056,-28.5015,28.6114,OpenGrassland,Pseudognathalium sp.,0.037,0.007,132.278,182,0.8,0.31,18.91891892,6.991837143
G,2056,-28.5015,28.6114,UnderCanopy,Pseudognathalium sp.,0.026,0.007,122.937,215,1.05,0.36,26.92307692,4.566231429
G,2056,-28.5015,28.6114,OpenGrassland,Pseudognathalium sp.,0.017,0.005,100.616,203,1.02,0.26,29.41176471,3.420944
G,2056,-28.5015,28.6114,UnderCanopy,Pseudognathalium sp.,0.012,0.006,148.913,228,0.855,0.39,50,2.97826
G,2056,-28.5015,28.6114,OpenGrassland,Pseudognathalium sp.,0.021,0.011,99.095,205,1.21,0.27,52.38095238,1.891813636
G,2056,-28.5015,28.6114,UnderCanopy,Pseudognathalium sp.,0.021,0.01,103.627,226,1.51,0.17,47.61904762,2.176167
G,2056,-28.5015,28.6114,OpenGrassland,Pseudognathalium sp.,0.241,0.032,752.256,255,4.915,0.35,13.2780083,56.65428
G,2056,-28.5015,28.6114,UnderCanopy,Pseudognathalium sp.,0.062,0.01,224.152,323,2.945,0.24,16.12903226,13.897424
G,2056,-28.5015,28.6114,OpenGrassland,Pseudognathalium sp.,0.016,0.006,71.058,249,0.935,0.16,37.5,1.89488
G,2056,-28.5015,28.6114,UnderCanopy,Pseudognathalium sp.,0.022,0.006,92.43,239,1.1,0.31,27.27272727,3.3891
G,2056,-28.5015,28.6114,UnderCanopy,Pseudognathalium sp.,0.026,0.005,111.828,201,0.53,0.18,19.23076923,5.815056
G,2056,-28.5015,28.6114,OpenGrassland,Pseudognathalium sp.,0.019,0.013,96.815,201,0.585,0.2,68.42105263,1.414988462
G,2056,-28.5015,28.6114,OpenGrassland,Pseudognathalium sp.,0.012,0.006,48.561,182,0.98,0.2,50,0.97122
G,2056,-28.5015,28.6114,UnderCanopy,Pseudognathalium sp.,0.023,0.001,121.519,241,0.585,0.19,4.347826087,27.94937
G,2056,-28.5015,28.6114,OpenGrassland,Pseudognathalium sp.,0.013,0.007,56.966,146,0.615,0.19,53.84615385,1.05794
G,2056,-28.5015,28.6114,UnderCanopy,Pseudognathalium sp.,0.015,0.007,57.493,137,0.66,0.11,46.66666667,1.231992857
I,1913,-28.5018,28.6124,OpenGrassland,Pseudognathalium sp.,0.013,0.004,59.027,224,1.51,0.22,30.76923077,1.9183775
I,1913,-28.5018,28.6124,UnderCanopy,Pseudognathalium sp.,0.038,0.019,175.767,279,2.93,0.31,50,3.51534
I,1913,-28.5018,28.6124,OpenGrassland,Pseudognathalium sp.,0.024,0.006,69.957,217,0.725,0.24,25,2.79828
I,1913,-28.5018,28.6124,UnderCanopy,Pseudognathalium sp.,0.047,0.006,208.406,135,1.41,0.52,12.76595745,16.32513667
I,1913,-28.5018,28.6124,OpenGrassland,Pseudognathalium sp.,0.037,0.006,172.377,201,1.265,0.17,16.21621622,10.629915
I,1913,-28.5018,28.6124,UnderCanopy,Pseudognathalium sp.,0.029,0.001,96.269,194,2.365,0.36,3.448275862,27.91801
I,1913,-28.5018,28.6124,OpenGrassland,Pseudognathalium sp.,0.019,0.009,79.946,179,0.98,0.2,47.36842105,1.687748889
I,1913,-28.5018,28.6124,UnderCanopy,Pseudognathalium sp.,0.018,0.007,131.229,108,0.565,0.25,38.88888889,3.37446
I,1913,-28.5018,28.6124,OpenGrassland,Pseudognathalium sp.,0.023,0.008,84.867,203,1.105,0.3,34.7826087,2.43992625
I,1913,-28.5018,28.6124,UnderCanopy,Pseudognathalium sp.,0.028,0.006,135.243,215,0.875,0.41,21.42857143,6.31134
I,1913,-28.5018,28.6124,OpenGrassland,Pseudognathalium sp.,0.021,0.006,109.079,182,0.84,0.28,28.57142857,3.817765
I,1913,-28.5018,28.6124,UnderCanopy,Pseudognathalium sp.,0.008,0.003,44.144,188,1.825,0.2,37.5,1.177173333
I,1913,-28.5018,28.6124,OpenGrassland,Pseudognathalium sp.,0.025,0.006,105.939,148,2.32,0.17,24,4.414125
I,1913,-28.5018,28.6124,UnderCanopy,Pseudognathalium sp.,0.024,0.002,142.616,165,1.31,0.45,8.333333333,17.11392
B,2005,-28.53,28.62,OpenGrassland,Themeda triandra,0.062,0.026,561.644,399,4.01,0.51,41.93548387,13.39304923
B,2005,-28.53,28.62,UnderCanopy,Themeda triandra,0.074,0.025,727.357,342,5.725,0.58,33.78378378,21.5297672
B,2005,-28.53,28.62,OpenGrassland,Themeda triandra,0.063,0.029,573.081,427,1.49,0.45,46.03174603,12.44969069
B,2005,-28.53,28.62,UnderCanopy,Themeda triandra,0.112,0.048,1063.785,268,3.985,0.68,42.85714286,24.82165
B,2005,-28.53,28.62,OpenGrassland,Themeda triandra,0.051,0.022,496.237,365,6.49,0.6,43.1372549,11.50367591
B,2005,-28.53,28.62,UnderCanopy,Themeda triandra,0.024,0.007,232.706,403,0.685,0.26,29.16666667,7.978491429
B,2005,-28.53,28.62,OpenGrassland,Themeda triandra,0.036,0.018,323.575,387,3.145,0.3,50,6.4715
B,2005,-28.53,28.62,UnderCanopy,Themeda triandra,0.074,0.029,617.262,363,1.55,0.58,39.18918919,15.75082345
B,2005,-28.53,28.62,OpenGrassland,Themeda triandra,0.077,0.023,623.999,353,2.57,0.44,29.87012987,20.8904013
B,2005,-28.53,28.62,UnderCanopy,Themeda triandra,0.048,0.023,317.925,346,5.385,0.45,47.91666667,6.634956522
B,2005,-28.53,28.62,OpenGrassland,Themeda triandra,0.027,0.015,377.569,319,3.95,0.39,55.55555556,6.796242
B,2005,-28.53,28.62,UnderCanopy,Themeda triandra,0.068,0.029,624.266,285,4.515,0.35,42.64705882,14.63796138
B,2005,-28.53,28.62,OpenGrassland,Themeda triandra,0.042,0.009,378.972,469,3.05,0.47,21.42857143,17.68536
B,2005,-28.53,28.62,UnderCanopy,Themeda triandra,0.086,0.036,712.026,306,3.02,0.54,41.86046512,17.00951
D,1847,-28.5989,28.5822,OpenGrassland,Themeda triandra,0.059,0.029,658.904,251,1.235,0.4,49.15254237,13.40528828
D,1847,-28.5989,28.5822,UnderCanopy,Themeda triandra,0.051,0.02,503.394,323,5.51,0.33,39.21568627,12.836547
D,1847,-28.5989,28.5822,OpenGrassland,Themeda triandra,0.071,0.034,687.773,258,0.905,0.43,47.88732394,14.36231853
D,1847,-28.5989,28.5822,UnderCanopy,Themeda triandra,0.019,0.009,257.625,253,2.725,0.46,47.36842105,5.43875
D,1847,-28.5989,28.5822,OpenGrassland,Themeda triandra,0.046,0.028,567.692,262,1.865,0.27,60.86956522,9.326368571
D,1847,-28.5989,28.5822,UnderCanopy,Themeda triandra,0.136,0.064,975.462,213,2.12,0.64,47.05882353,20.7285675
D,1847,-28.5989,28.5822,OpenGrassland,Themeda triandra,0.074,0.035,555.888,279,4.45,0.46,47.2972973,11.75306057
D,1847,-28.5989,28.5822,UnderCanopy,Themeda triandra,0.045,0.021,461.492,245,1.8,0.4,46.66666667,9.889114286
D,1847,-28.5989,28.5822,OpenGrassland,Themeda triandra,0.071,0.039,671.071,287,2.63,0.48,54.92957746,12.21693359
D,1847,-28.5989,28.5822,UnderCanopy,Themeda triandra,0.06,0.032,496.004,217,0.635,0.42,53.33333333,9.300075
D,1847,-28.5989,28.5822,OpenGrassland,Themeda triandra,0.079,0.032,732.288,281,2.53,0.45,40.50632911,18.07836
D,1847,-28.5989,28.5822,UnderCanopy,Themeda triandra,0.07,0.03,654.958,209,1.55,0.54,42.85714286,15.28235333
D,1847,-28.5989,28.5822,OpenGrassland,Themeda triandra,0.048,0.012,456.975,198,2.09,0.47,25,18.279
D,1847,-28.5989,28.5822,UnderCanopy,Themeda triandra,0.061,0.021,533.596,234,2.22,0.56,34.42622951,15.49969333
D,1847,-28.5989,28.5822,OpenGrassland,Themeda triandra,0.046,0.024,409.067,304,1.01,0.38,52.17391304,7.840450833
D,1847,-28.5989,28.5822,UnderCanopy,Themeda triandra,0.046,0.025,387.017,74,6.085,0.39,54.34782609,7.1211128
D,1847,-28.5989,28.5822,OpenGrassland,Themeda triandra,0.019,0.009,226.696,291,6.695,0.47,47.36842105,4.785804444
D,1847,-28.5989,28.5822,UnderCanopy,Themeda triandra,0.055,0.024,455.452,363,1.62,0.6,43.63636364,10.43744167
E,1847,-28.4921,28.6473,OpenGrassland,Themeda triandra,0.039,0.015,376.499,410,3.8,0.22,38.46153846,9.788974
E,1847,-28.4921,28.6473,UnderCanopy,Themeda triandra,0.022,0.018,306.659,359,3.88,0.17,81.81818182,3.748054444
E,1847,-28.4921,28.6473,OpenGrassland,Themeda triandra,0.035,0.016,265.052,289,1.52,0.23,45.71428571,5.7980125
E,1847,-28.4921,28.6473,UnderCanopy,Themeda triandra,0.036,0.013,309.183,300,6.08,0.2,36.11111111,8.561990769
E,1847,-28.4921,28.6473,OpenGrassland,Themeda triandra,0.042,0.014,362.474,253,4.53,0.22,33.33333333,10.87422
E,1847,-28.4921,28.6473,UnderCanopy,Themeda triandra,0.051,0.017,430.409,372,10.17,0.23,33.33333333,12.91227
E,1847,-28.4921,28.6473,OpenGrassland,Themeda triandra,0.038,0.015,331.031,370,5.425,0.14,39.47368421,8.386118667
E,1847,-28.4921,28.6473,UnderCanopy,Themeda triandra,0.072,0.027,567.331,340,3.725,0.32,37.5,15.12882667
E,1847,-28.4921,28.6473,OpenGrassland,Themeda triandra,0.06,0.022,496.354,342,5.665,0.21,36.66666667,13.53692727
E,1847,-28.4921,28.6473,UnderCanopy,Themeda triandra,0.027,0.012,350.94,357,1.815,0.38,44.44444444,7.89615
E,1847,-28.4921,28.6473,OpenGrassland,Themeda triandra,0.057,0.017,458.86,372,1.675,0.27,29.8245614,15.38530588
E,1847,-28.4921,28.6473,UnderCanopy,Themeda triandra,0.05,0.01,389.103,344,2.39,0.3,20,19.45515
E,1847,-28.4921,28.6473,OpenGrassland,Themeda triandra,0.047,0.014,396.241,384,4.37,0.17,29.78723404,13.30237643
E,1847,-28.4921,28.6473,UnderCanopy,Themeda triandra,0.043,0.013,397.494,270,1.13,0.2,30.23255814,13.14787846
F,2056,-28.4959,28.6526,OpenGrassland,Themeda triandra,0.088,0.056,697.266,283,3.625,0.39,63.63636364,10.95703714
F,2056,-28.4959,28.6526,UnderCanopy,Themeda triandra,0.053,0.036,373.018,270,2.415,0.46,67.9245283,5.491653889
F,2056,-28.4959,28.6526,OpenGrassland,Themeda triandra,0.038,0.021,344.677,384,3.445,0.56,55.26315789,6.237012381
F,2056,-28.4959,28.6526,UnderCanopy,Themeda triandra,0.035,0.02,368.139,342,1.425,0.63,57.14285714,6.4424325
F,2056,-28.4959,28.6526,OpenGrassland,Themeda triandra,0.033,0.03,179.729,372,2.95,0.35,90.90909091,1.977019
F,2056,-28.4959,28.6526,UnderCanopy,Themeda triandra,0.2,0.107,1326.787,448,NA,0.84,53.5,24.79975701
F,2056,-28.4959,28.6526,OpenGrassland,Themeda triandra,0.07,0.021,331.36,363,NA,0.31,30,11.04533333
F,2056,-28.4959,28.6526,UnderCanopy,Themeda triandra,0.259,0.113,1572.135,207,7.56,0.54,43.62934363,36.03389071
F,2056,-28.4959,28.6526,OpenGrassland,Themeda triandra,0.053,0.042,499.818,332,3.515,0.35,79.24528302,6.307227143
F,2056,-28.4959,28.6526,UnderCanopy,Themeda triandra,0.063,0.023,536.802,313,3.565,0.32,36.50793651,14.70370696
F,2056,-28.4959,28.6526,OpenGrassland,Themeda triandra,0.151,0.057,451.169,429,9.66,0.87,37.74834437,11.95202088
F,2056,-28.4959,28.6526,UnderCanopy,Themeda triandra,0.064,0.073,852.258,287,5.07,0.46,114.0625,7.471850959
F,2056,-28.4959,28.6526,OpenGrassland,Themeda triandra,0.08,0.036,532.738,336,7.19,0.57,45,11.83862222
F,2056,-28.4959,28.6526,UnderCanopy,Themeda triandra,0.237,0.124,1495.157,361,NA,0.65,52.32067511,28.57679105
G,2056,-28.5015,28.6114,OpenGrassland,Themeda triandra,0.113,0.05,612.289,296,2.54,0.36,44.24778761,13.8377314
G,2056,-28.5015,28.6114,UnderCanopy,Themeda triandra,0.112,0.02,741.526,456,2.88,0.44,17.85714286,41.525456
G,2056,-28.5015,28.6114,OpenGrassland,Themeda triandra,0.059,0.038,408.485,387,2.265,0.5,64.40677966,6.342267105
G,2056,-28.5015,28.6114,UnderCanopy,Themeda triandra,0.069,0.031,530.867,255,1.215,0.6,44.92753623,11.81607194
G,2056,-28.5015,28.6114,OpenGrassland,Themeda triandra,0.053,0.035,419.726,308,3.34,0.39,66.03773585,6.355850857
G,2056,-28.5015,28.6114,UnderCanopy,Themeda triandra,0.059,0.024,425.193,357,1.79,0.43,40.6779661,10.45266125
G,2056,-28.5015,28.6114,OpenGrassland,Themeda triandra,0.056,0.04,462.25,338,2.295,0.45,71.42857143,6.4715
G,2056,-28.5015,28.6114,UnderCanopy,Themeda triandra,0.056,0.037,462.981,327,2.59,0.53,66.07142857,7.00728
G,2056,-28.5015,28.6114,OpenGrassland,Themeda triandra,0.078,0.02,479.134,232,2.1,0.63,25.64102564,18.686226
G,2056,-28.5015,28.6114,UnderCanopy,Themeda triandra,0.097,0.044,822.934,346,3.465,0.46,45.36082474,18.14195409
G,2056,-28.5015,28.6114,OpenGrassland,Themeda triandra,0.126,0.058,871.933,372,4.06,0.48,46.03174603,18.94199276
G,2056,-28.5015,28.6114,UnderCanopy,Themeda triandra,0.049,0.022,384.628,353,2.305,0.37,44.89795918,8.566714545
G,2056,-28.5015,28.6114,OpenGrassland,Themeda triandra,0.109,0.081,1198.031,372,5.8,0.6,74.31192661,16.12165173
G,2056,-28.5015,28.6114,UnderCanopy,Themeda triandra,0.198,0.082,1209.39,422,7.42,0.78,41.41414141,29.2023439
G,2056,-28.5015,28.6114,OpenGrassland,Themeda triandra,0.129,0.06,896.901,359,2.985,0.45,46.51162791,19.2833715
G,2056,-28.5015,28.6114,UnderCanopy,Themeda triandra,0.071,0.034,482.364,272,3.965,0.48,47.88732394,10.07289529
G,2056,-28.5015,28.6114,OpenGrassland,Themeda triandra,0.037,0.023,272.947,429,0.91,0.6,62.16216216,4.390886522
G,2056,-28.5015,28.6114,UnderCanopy,Themeda triandra,0.044,0.03,362.161,281,1.005,0.6,68.18181818,5.311694667
I,1913,-28.5018,28.6124,OpenGrassland,Themeda triandra,0.011,0.008,115.389,338,2.01,0.55,72.72727273,1.58659875
I,1913,-28.5018,28.6124,UnderCanopy,Themeda triandra,0.051,0.03,517.666,367,3.69,0.56,58.82352941,8.800322
I,1913,-28.5018,28.6124,OpenGrassland,Themeda triandra,0.091,0.051,695.882,359,8.03,0.52,56.04395604,12.41671804
I,1913,-28.5018,28.6124,UnderCanopy,Themeda triandra,0.112,0.063,915.507,401,1.61,0.47,56.25,16.27568
I,1913,-28.5018,28.6124,OpenGrassland,Themeda triandra,0.041,0.035,392.452,374,1.92,0.47,85.36585366,4.597294857
I,1913,-28.5018,28.6124,UnderCanopy,Themeda triandra,0.087,0.046,638.335,338,1.935,0.4,52.87356322,12.07285761
I,1913,-28.5018,28.6124,OpenGrassland,Themeda triandra,0.159,0.078,1251.022,374,5.84,0.64,49.05660377,25.50160231
I,1913,-28.5018,28.6124,UnderCanopy,Themeda triandra,0.068,0.028,630.947,408,2.665,0.38,41.17647059,15.32299857
I,1913,-28.5018,28.6124,OpenGrassland,Themeda triandra,0.036,0.019,380.955,334,6.695,0.5,52.77777778,7.218094737
I,1913,-28.5018,28.6124,UnderCanopy,Themeda triandra,0.023,0.01,177.262,365,1.17,0.35,43.47826087,4.077026
I,1913,-28.5018,28.6124,OpenGrassland,Themeda triandra,0.048,0.024,536.208,289,5.65,0.48,50,10.72416
I,1913,-28.5018,28.6124,UnderCanopy,Themeda triandra,0.02,0.01,207.582,363,4.21,0.43,50,4.15164
I,1913,-28.5018,28.6124,OpenGrassland,Themeda triandra,0.033,0.005,326.33,236,1.455,0.46,15.15151515,21.53778
I,1913,-28.5018,28.6124,UnderCanopy,Themeda triandra,0.015,0.006,180.59,357,1.54,0.36,40,4.51475
B,2005,-28.53,28.62,OpenGrassland,Tristachya leucothrix,0.062,0.026,560.077,403,1.695,0.41,41.93548387,13.35568231
B,2005,-28.53,28.62,UnderCanopy,Tristachya leucothrix,0.126,0.051,996.329,262,3.07,0.44,40.47619048,24.61518706
B,2005,-28.53,28.62,OpenGrassland,Tristachya leucothrix,0.1,0.038,472.333,406,3.77,0.3,38,12.42981579
B,2005,-28.53,28.62,UnderCanopy,Tristachya leucothrix,0.054,0.019,483.7,300,3.42,0.54,35.18518519,13.74726316
B,2005,-28.53,28.62,OpenGrassland,Tristachya leucothrix,0.118,0.044,513.07,391,2.89,0.3,37.28813559,13.75960455
B,2005,-28.53,28.62,UnderCanopy,Tristachya leucothrix,0.12,0.043,601.449,518,9.605,0.3,35.83333333,16.78462326
B,2005,-28.53,28.62,OpenGrassland,Tristachya leucothrix,0.062,0.025,337.4,372,8.72,0.27,40.32258065,8.36752
B,2005,-28.53,28.62,UnderCanopy,Tristachya leucothrix,0.087,0.034,407.641,433,NA,0.39,39.08045977,10.43081382
B,2005,-28.53,28.62,OpenGrassland,Tristachya leucothrix,0.049,0.035,411.67,374,4.78,0.42,71.42857143,5.76338
B,2005,-28.53,28.62,UnderCanopy,Tristachya leucothrix,0.098,0.044,678.109,359,9.775,0.76,44.89795918,15.10333682
B,2005,-28.53,28.62,OpenGrassland,Tristachya leucothrix,0.186,0.083,1413.739,289,4.18,0.56,44.62365591,31.68138
B,2005,-28.53,28.62,UnderCanopy,Tristachya leucothrix,0.17,0.054,1152.632,348,6.925,0.68,31.76470588,36.28656296
B,2005,-28.53,28.62,OpenGrassland,Tristachya leucothrix,0.069,0.019,481.21,382,2.265,0.43,27.53623188,17.47552105
B,2005,-28.53,28.62,UnderCanopy,Tristachya leucothrix,0.123,0.052,752.028,319,7.86,0.55,42.27642276,17.78835462
D,1847,-28.5989,28.5822,OpenGrassland,Tristachya leucothrix,0.114,0.063,604.09,387,NA,0.57,55.26315789,10.93115238
D,1847,-28.5989,28.5822,UnderCanopy,Tristachya leucothrix,0.124,0.036,974.475,258,3.065,0.89,29.03225806,33.56525
D,1847,-28.5989,28.5822,OpenGrassland,Tristachya leucothrix,0.141,0.068,711.138,340,7.08,0.47,48.22695035,14.74565559
D,1847,-28.5989,28.5822,UnderCanopy,Tristachya leucothrix,0.162,0.051,782.585,194,NA,0.74,31.48148148,24.85858235
D,1847,-28.5989,28.5822,OpenGrassland,Tristachya leucothrix,0.023,0.015,218.129,427,2.79,0.38,65.2173913,3.344644667
D,1847,-28.5989,28.5822,UnderCanopy,Tristachya leucothrix,0.076,0.022,391.725,253,9.735,0.4,28.94736842,13.53231818
D,1847,-28.5989,28.5822,OpenGrassland,Tristachya leucothrix,0.053,0.022,299.492,203,2.5,0.28,41.50943396,7.215034545
D,1847,-28.5989,28.5822,UnderCanopy,Tristachya leucothrix,0.134,0.039,663.49,300,5.255,0.35,29.10447761,22.7968359
D,1847,-28.5989,28.5822,OpenGrassland,Tristachya leucothrix,0.05,0.024,248.521,270,6.935,0.83,48,5.177520833
D,1847,-28.5989,28.5822,UnderCanopy,Tristachya leucothrix,0.155,0.071,1114.131,433,4.86,0.32,45.80645161,24.32257817
D,1847,-28.5989,28.5822,OpenGrassland,Tristachya leucothrix,0.092,0.056,562.76,351,4.415,0.58,60.86956522,9.245342857
D,1847,-28.5989,28.5822,UnderCanopy,Tristachya leucothrix,0.064,0.033,557.706,310,0.725,0.54,51.5625,10.81611636
D,1847,-28.5989,28.5822,OpenGrassland,Tristachya leucothrix,0.264,0.135,1426.998,332,9.99,0.59,51.13636364,27.90573867
D,1847,-28.5989,28.5822,UnderCanopy,Tristachya leucothrix,0.221,0.106,1600.996,315,8.91,0.71,47.9638009,33.37925623
E,1847,-28.4921,28.6473,OpenGrassland,Tristachya leucothrix,0.041,0.02,380.026,342,2.705,0.54,48.7804878,7.790533
E,1847,-28.4921,28.6473,UnderCanopy,Tristachya leucothrix,0.055,0.029,534.902,402,1.595,0.28,52.72727273,10.1446931
E,1847,-28.4921,28.6473,OpenGrassland,Tristachya leucothrix,0.058,0.02,383.052,245,1.04,0.18,34.48275862,11.108508
E,1847,-28.4921,28.6473,UnderCanopy,Tristachya leucothrix,0.096,0.039,805.236,391,7.055,0.41,40.625,19.82119385
E,1847,-28.4921,28.6473,OpenGrassland,Tristachya leucothrix,0.1,0.032,667.946,355,5.98,0.26,32,20.8733125
E,1847,-28.4921,28.6473,UnderCanopy,Tristachya leucothrix,0.085,0.035,792.114,355,6.105,0.47,41.17647059,19.23705429
E,1847,-28.4921,28.6473,OpenGrassland,Tristachya leucothrix,0.046,0.018,506.25,327,0.875,0.27,39.13043478,12.9375
E,1847,-28.4921,28.6473,UnderCanopy,Tristachya leucothrix,0.061,0.019,398.431,298,3.527,0.43,31.14754098,12.79173211
E,1847,-28.4921,28.6473,OpenGrassland,Tristachya leucothrix,0.078,0.041,492.142,397,3.87,0.43,52.56410256,9.362701463
E,1847,-28.4921,28.6473,UnderCanopy,Tristachya leucothrix,0.046,0.021,436.878,403,4.31,0.6,45.65217391,9.569708571
E,1847,-28.4921,28.6473,OpenGrassland,Tristachya leucothrix,0.053,0.02,426.597,300,4.715,0.29,37.73584906,11.3048205
E,1847,-28.4921,28.6473,UnderCanopy,Tristachya leucothrix,0.102,0.047,925.539,399,2.455,0.42,46.07843137,20.08616553
E,1847,-28.4921,28.6473,OpenGrassland,Tristachya leucothrix,0.06,0.021,470.11,336,9.12,0.44,35,13.43171429
E,1847,-28.4921,28.6473,UnderCanopy,Tristachya leucothrix,0.048,0.018,538.211,319,9.925,0.47,37.5,14.35229333
F,2056,-28.4959,28.6526,OpenGrassland,Tristachya leucothrix,0.07,0.034,574.384,239,9.995,0.37,48.57142857,11.82555294
F,2056,-28.4959,28.6526,UnderCanopy,Tristachya leucothrix,0.083,0.031,444.606,403,5.94,0.43,37.34939759,11.9039671
F,2056,-28.4959,28.6526,OpenGrassland,Tristachya leucothrix,0.125,0.053,528.616,283,9.9,0.22,42.4,12.46735849
F,2056,-28.4959,28.6526,UnderCanopy,Tristachya leucothrix,0.171,0.052,709.075,306,9.17,0.35,30.40935673,23.31765865
F,2056,-28.4959,28.6526,OpenGrassland,Tristachya leucothrix,0.078,0.05,407.827,310,3.08,0.25,64.1025641,6.3621012
F,2056,-28.4959,28.6526,UnderCanopy,Tristachya leucothrix,0.154,0.078,664.124,401,9.856,0.43,50.64935065,13.11219179
G,2056,-28.5015,28.6114,OpenGrassland,Tristachya leucothrix,0.356,0.164,1765.94,340,9.09,0.58,46.06741573,38.33381951
G,2056,-28.5015,28.6114,UnderCanopy,Tristachya leucothrix,0.098,0.05,544.549,281,5.04,0.36,51.02040816,10.6731604
G,2056,-28.5015,28.6114,OpenGrassland,Tristachya leucothrix,0.123,0.052,503.136,334,8.455,0.41,42.27642276,11.90110154
G,2056,-28.5015,28.6114,UnderCanopy,Tristachya leucothrix,0.096,0.034,475.552,399,5.675,0.61,35.41666667,13.42735059
G,2056,-28.5015,28.6114,OpenGrassland,Tristachya leucothrix,0.135,0.066,803.668,359,3.595,0.52,48.88888889,16.43866364
G,2056,-28.5015,28.6114,UnderCanopy,Tristachya leucothrix,0.03,0.018,318.57,289,2.525,0.51,60,5.3095
G,2056,-28.5015,28.6114,OpenGrassland,Tristachya leucothrix,0.123,0.06,517.14,323,7.9,0.47,48.7804878,10.60137
G,2056,-28.5015,28.6114,UnderCanopy,Tristachya leucothrix,0.096,0.034,462.44,433,4.93,0.48,35.41666667,13.05712941
G,2056,-28.5015,28.6114,OpenGrassland,Tristachya leucothrix,0.144,0.068,886.186,342,6.415,0.65,47.22222222,18.76629176
G,2056,-28.5015,28.6114,UnderCanopy,Tristachya leucothrix,0.122,0.057,824.674,359,5.165,0.54,46.72131148,17.65091719
G,2056,-28.5015,28.6114,OpenGrassland,Tristachya leucothrix,0.177,0.072,566.242,327,10.135,0.49,40.6779661,13.92011583
G,2056,-28.5015,28.6114,UnderCanopy,Tristachya leucothrix,0.088,0.042,386.558,184,5.165,0.46,47.72727273,8.099310476
G,2056,-28.5015,28.6114,OpenGrassland,Tristachya leucothrix,0.155,0.064,729.54,374,2.62,0.6,41.29032258,17.66854688
G,2056,-28.5015,28.6114,UnderCanopy,Tristachya leucothrix,0.266,0.12,1124.415,268,4.535,0.46,45.11278195,24.9245325
I,1913,-28.5018,28.6124,OpenGrassland,Tristachya leucothrix,0.199,0.081,1042.832,418,7.015,0.52,40.70351759,25.62019358
I,1913,-28.5018,28.6124,UnderCanopy,Tristachya leucothrix,0.238,0.105,1238.611,376,6.265,0.66,44.11764706,28.07518267
I,1913,-28.5018,28.6124,OpenGrassland,Tristachya leucothrix,0.169,0.085,801.071,387,9.12,0.48,50.29585799,15.92717635
I,1913,-28.5018,28.6124,UnderCanopy,Tristachya leucothrix,0.119,0.044,682.542,387,8.09,0.43,36.97478992,18.45965864
I,1913,-28.5018,28.6124,OpenGrassland,Tristachya leucothrix,0.08,0.043,661.469,361,7.16,0.39,53.75,12.3064
I,1913,-28.5018,28.6124,UnderCanopy,Tristachya leucothrix,0.098,0.056,376.894,308,3.38,0.44,57.14285714,6.595645
I,1913,-28.5018,28.6124,OpenGrassland,Tristachya leucothrix,0.093,0.053,388.531,289,4.51,0.51,56.98924731,6.817619434
I,1913,-28.5018,28.6124,UnderCanopy,Tristachya leucothrix,0.418,0.069,601.346,336,4.335,0.51,16.50717703,36.42936638
I,1913,-28.5018,28.6124,OpenGrassland,Tristachya leucothrix,0.107,0.066,571.885,378,7.87,0.4,61.68224299,9.271468939
I,1913,-28.5018,28.6124,UnderCanopy,Tristachya leucothrix,0.182,0.071,686.728,285,NA,0.62,39.01098901,17.60345014
I,1913,-28.5018,28.6124,OpenGrassland,Tristachya leucothrix,0.11,0.052,517.477,264,3.615,0.4,47.27272727,10.94662885
I,1913,-28.5018,28.6124,UnderCanopy,Tristachya leucothrix,0.097,0.035,467.993,344,9.155,0.46,36.08247423,12.97009171
I,1913,-28.5018,28.6124,OpenGrassland,Tristachya leucothrix,0.176,0.077,709.815,279,7.215,0.37,43.75,16.22434286
I,1913,-28.5018,28.6124,UnderCanopy,Tristachya leucothrix,0.151,0.075,685.306,458,5.765,0.51,49.66887417,13.79749413